Name,Average time taken,Average number of calls,Minimum time taken,Maximum time taken,Minimum number of calls,Maximum number of calls,Number of sudokus solved,Number of sudokus failed
Basic,2.2668954190753756,10669.021645021645,0.001969575881958008,35.743680000305176,54,99660,231,69
With cache,0.15644855785369874,43704.528,0.00040340423583984375,1.9215071201324463,52,490894,250,50
Updating cache,0.02313144048055013,3179.3866666666668,0.0004448890686035156,1.1165339946746826,48,156323,300,0
Hidden single,0.021475876172383626,688.77,0.0014293193817138672,1.0200984477996826,48,33507,300,0
Hidden pair,0.015832439263661704,215.98333333333332,0.0020279884338378906,0.9969618320465088,48,13242,300,0
Priority,0.017922306060791017,230.38,0.002279043197631836,0.8782098293304443,48,11493,300,0
