Name,Average time taken,Average number of calls,Minimum time taken,Maximum time taken,Minimum number of calls,Maximum number of calls,Number of sudokus solved,Number of sudokus failed
With cache,0.1519987382888794,43704.528,0.00040531158447265625,1.8234882354736328,52,490894,250,50
Updating cache,0.0229997452100118,3179.3866666666668,0.00045490264892578125,1.1081161499023438,48,156323,300,0
Hidden single,0.03763750076293945,2276.096666666667,0.0008273124694824219,1.7887768745422363,48,110364,300,0
Priority,0.0458514412244161,2166.4333333333334,0.0010111331939697266,1.4880890846252441,48,69024,300,0
