Name,Average time taken,Average number of calls,Minimum time taken,Maximum time taken,Minimum number of calls,Maximum number of calls,Number of sudokus solved,Number of sudokus failed
Basic,2.2668954190753756,10669.021645021645,0.001969575881958008,35.743680000305176,54,99660,231,69
With cache,0.03699774762768766,10669.021645021645,0.0004146099090576172,0.35419154167175293,54,99660,231,69
Uniqueness,0.05468955479170147,10216.88596491228,0.0004887580871582031,0.4963359832763672,54,99115,228,72
With priority,0.012897741874592417,1775.6073825503356,0.0004363059997558594,0.423525333404541,48,60009,298,2
With freq,0.02304295632352797,1989.8294314381271,0.0006067752838134766,0.887047529220581,48,75582,299,1
